{
  "hash": "399621d8",
  "configHash": "eaabc18e",
  "lockfileHash": "1ff88028",
  "browserHash": "53fa1749",
  "optimized": {
    "@angular/core": {
      "src": "../../../../../../node_modules/@angular/core/fesm2022/core.mjs",
      "file": "@angular_core.js",
      "fileHash": "a60b8149",
      "needsInterop": false
    },
    "@angular/platform-browser": {
      "src": "../../../../../../node_modules/@angular/platform-browser/fesm2022/platform-browser.mjs",
      "file": "@angular_platform-browser.js",
      "fileHash": "467e9d31",
      "needsInterop": false
    }
  },
  "chunks": {
    "chunk-7CSCYJMP": {
      "file": "chunk-7CSCYJMP.js"
    }
  }
}